year	jaccard_func_median	jaccard_library_median	cosine_func_median	consine_library_median
2017	0.02597403	0	0.14625878	0.21320072
2018	0.02766842	0.25	0.17794153	0.32322997
2019	0.10872857	0.25	0.345461495	0.4662524
2020	0.04761905	0.2	0.82288952	0.77116307
2021	0.05907173	0.28571429	0.80010915	0.877964475